<?xml version="1.0" encoding="utf-8"?>
<extension version="3.1" type="plugin" group="system" method="upgrade">
        <name>UIkit 3 Framework</name>
        <author>Theme-Point powered by Joomlaplates</author>
        <creationDate>2020</creationDate>
        <copyright>Theme-Point powered by Joomlaplates</copyright>
        <license>GNU General Public License</license>
        <authorEmail>support@Theme-Point.com</authorEmail>
        <authorUrl>http://www.Theme-Point.com</authorUrl>
        <version>1.2</version>
		<description><![CDATA[
		
		<p style="color:#ff0000">Please enable the plugin after Installation.</p>
		<ul>
		<li>Uikit 3 Version: 3.5.16</li>
        <li>UiKit 3 Plugin is a Joomla Plugin Extension developed by Theme-Point powered by Joomlaplates to integrate the <a href="https://getuikit.com/docs/introduction" target="_blank">Uikit 3</a> easily into your Website. </li> 
		<li>Download Uikit 3 Joomla Module: Slideshow, Slideset, Accordion, VideoSlider, Stripes, Grid, Mosaic, Pricetable, Portfolio: <a href="https://Theme-Point.com" target="_blank">Theme-Point</a> </li>
		<li>Uikit 3 changelog: <a href="https://github.com/uikit/uikit/blob/develop/CHANGELOG.md" target="_blank"><u>uikit changelog file</u></a>.</li>
		</ul>
 
		
    ]]></description>
        <files>
            <filename plugin="uikit3">uikit3.php</filename>
            <filename>index.html</filename>
            <folder>css</folder>
            <folder>js</folder>
        </files>
		<updateservers>
			<server type="extension" priority="2" name="uikit3">https://www.theme-point.com/update/update.xml</server>
		</updateservers>
        <config>
            <fields name="params">
                <fieldset name="basic">
				
					<field name="uikit" type="radio" default="1" label="Load UIkit 3" class="btn-group" >
                        <option value="1">Local</option>
                        <option value="0">Extern (CDN)</option>
                    </field>
                </fieldset>
            </fields>
        </config>
</extension>